ID;Nazwa;Ilosc;Kod real;Kod;;Kod
00001;S£OÑ DO ROZKRÊCANIA W WORKU /870043/            700431;72;1;1;;1
00005;TARCZA Z RZUTKAMI /7839828/                     398286;84;5;5;;5
00007;LADOWARKA 29CM /548784/                         487847;41;7;7;;7
00009;PISTOLET METALOWY NA SP³ONKê  /7888B            516093;12;9;9;;9
00011;PISTOLE NA SP³ONKê    /CHT2927804/              081027;201;11;11;;11
00012;PISTOLET NA SP³ONKê /CHT40985/                  047337;99;12;12;;12
00013;PISTOLET NA SP³ONKê /CHT409A16                  047344;89;13;13;;13
00014;PISTOLET NA SP³ONKê /CHT409B29                  047351;103;14;14;;14
00015;PISTOLET NA SP³ONKE /CHT409C13                  002275;53;15;15;;15
00016;PISTOLET NA SP³ONKê /CHT409C25                  047375;143;16;16;;16
00017;PISTOLET METALOWY NA SP³ONKê /S703B/            510657;36;17;17;;17
00019;PISTOLET NA SP³ONKê /CHT409A52                  047368;100;19;19;;19
00023;PISTOLET NA SP³ONKê /CHT2927805;128;23;23;;23
00024;KLOCKI ŒREDNIE /K2S/                            000055;18;24;24;;24
00025;PISTOLET NA SP³ONKê /CHT409C26                  047313;2815;25;25;;25
00026;PISTOLET METALOWY NA SP³ONKê /S902BN            514174;40;26;26;;26
00027;PISTOLET NA SP³ONKê /8247SP/                    516222;292;27;27;;27
00028;KLOCKI 3 MA£E /K3M/                             000161;15;28;28;;28
00038;DZWONKI CHROM.27 TON                            000049;10;38;38;;38
00048;AUTK0 12CM. W WORKU /8680833/                   808333;78;48;48;;48
00063;KULKI WODNE  X25  /K0006/5                      150006;1074;63;63;;63
00069;MASZYNA ROLNICZA  /157257/   MANITU M           572570;3;69;69;;69
00087;ZESTAW NO¯YCZKI+C¥¯KI  /PB1506/                 085063;31;87;87;;87
00089;BEZPIECZNE C¥¯KI  /PB1718/                      085022;34;89;89;;89
00090;£Y¯ECZKI SYLIKONOWA KOÑCÓWKA 2SZT./PB3207/      085121;30;90;90;;90
00093;ROBOT 29CM.CHODZI,OBRÓT /ZR28112A/              075108;1;93;93;;93
00096;ZESTAW SZCZOTECZEK DO ZÊBÓW /PB40307/           085091;33;96;96;;96
00099;KUBEK ZE S£OMK¥ 180ML. /PB8203/                 085107;6;99;99;;99
00103;WACHLARZYK 21CM.  X12  304251;194;103;103;;103
00115;"KASA B/O.""C.REGISTER"" NO.66030  /G57114/        958536";12;115;115;;115
00117;BEZPIECZNE NO¯YCZKI  /PB1703/                    08501;9;117;117;;117
00118;TERMOMETR DO K¥PIELI RYBKA /PB1716/              08500;26;118;118;;118
00120;TRAKTOR Z P£UGIEM /510497/  MNJ.                104973;63;120;120;;120
00121;SKRZYD£A ANIO£A+RÓ¯D¯KA,KORONA /ZR3374/         074738;16;121;121;;121
00126;TRAKTOR MNJ.Z OPRYSKIWACZEM 2055  /66406/       966405;16;126;126;;126
00130;JEEP CZARNY S.W.A.T. /111-1/    KLOSZ           004586;3;130;130;;130
00147;KOÑ W WORKU 005930;33;147;147;;147
00154;PI£KA NO¯NA   302028;13;154;154;;154
00184;LATAJ¥CY SOLARNY MOTYLEK  /BJ/2015              615653;35;184;184;;184
00196;ORGANY NA PR¥D Z MIKROFONEM 80CM /-3738/        960034;3;196;196;;196
00197;ORGANY NA PR¥D + MIKROFON 60CM./SD3007/         002834;1;197;197;;197
00198;"RESORAKI METAL ""10""  /FW-9910/                  004272";5;198;198;;198
00208;Klocki policja commando 391902;31;208;208;;208
00220;ZESTAW KOWBOJA NA KARCIE /G045030/              949251;32;220;220;;220
00227;KARABIN B/O. Z PASKIEM  /92755/NC         09952,992755;1;227;227;;227
00244;TRAKTOREK Z PRZYCZ. 6WZ./G040942/         12801,934912;22;244;248;;244
00252;ZESTAW KORALIKÓW PUD./022732/REG                613628;7;252;252;;252
00259;KLOCKI SLUB. BUS POLICJA 127EL. /G032479/       954880;16;259;259;;259
00269;PI£KA DMUCHANA 27CM.Z DZWONKIEM /F2659/         072422;1;269;269;;269
00270;PI£KA DO KOSZA 302004;19;270;270;;270
00281;KOLEJKA B/O. Z TOREM  /013021/                  616087;4;281;281;;281
00283;CIÊ¯ARÓWKA METAL 4WZ. /2211-4/  PUD.            066146;6;283;283;;283
00313;DINOZAUR/                                       142818;15;313;313;;313
00334;STRÓJ POLICJANTA  /004025/                      615042;8;334;334;;334
00335;MATA DLA BOBASA /G069270/                       972365;2;335;335;;335
00337;AUTO B/O. STAWIAJ¥CE KLOCKI /010488A/           817534;16;337;337;;337
00338;MUCHA ZE ŒWIAT£EM NACI¥G SZNUREK /14364/BC      617954;16;338;338;;338
00347;AUTO SPORT 22CM. W WORKU /016380/               620756;9;347;347;;347
00355;KAPELUSZ DZIEWCZYNKI 4KOL. /ZRPIE928/           055179;289;355;355;;355
00363;NAKLEJKI WYPUK£E /ZRYL0004-003/                 054929;12;363;363;;363
00382;LALKA LODOWA 2SZT.W PUDE£KU                     293726;5;382;382;;382
00408;"LALKA 12 DZW. 16"" PIJE/SIUSIA /MPH08436/        084368";3;408;408;;408
00412;BADMINGTON BAMBUS  /Z3756/                      967644;5;412;412;;412
00420;"BOBAS 14"" 4DZW. PIJE I SIUSIA  /MPH08439/       084399";4;420;420;;420
00424;MATERAC PLA¯OWY 208X116CM. /469079/             469079;9;424;424;;424
00443;ZEGAREK DZIECIÊCY PLAST.DU¯Y X10                009807;180;443;443;;443
00449;PI£KA NO¯NA 302035;16;449;449;;449
00450;TRAKTOR Z P£UGIEM MNJ./5560317/  NEW.           603174;15;450;450;;450
00459;AUTO KONTENER 27CM. 2KOL.  O/D                  336339;1;459;459;;459
00471;KARABIN PUKAWKA Z LUNET¥ /266198/               661981;5;471;471;;471
00472;KIBELEK-PIERDZ¥CA MASA WKSZ. X24 /TG018493      670999;1;472;472;;472
00477;P£YWACZEK RYBKA /TG190751/   BC                 872818;17;477;477;;477
00482;WOJSKO Z PLANSZ¥ ŒREDNIE /WOC10-8/  3WZ.  28485,407471;19;482;482;;482
00486;ZWIERZÊTA DZIKIE 4SZT. /ZR666C-24/  WOREK       214125;5;486;486;;486
00495;SAMOLOTY STYROPIANOWE  X12SZT./MPE35797Y/       357974;129;495;;;495
00502;Pi³ka do æwiczeñ 24 szt.;272;502;502;;502
00506;PIASEK KINETYCZNY 1KG. /TG365120/               800463;1;506;506;;506
00512;PAMIÊTNIK NA SZYFR  /TG365131/                  878667;22;512;512;;512
00516;PRALKA B/O. ŒW/DZW. WODA /G014206/              908586;7;516;516;;516
00522;WACHLARZ  X12;252;522;522;;522
00524;KULKI W GRANACIE RÊCZNYM X24 /G069893/          964179;29;524;524;;524
00525;KULA MAGICZNA  X 12SZT /G076031/                970330;22;525;525;;525
00529;"AUTO ""SONIC 2""  23CM. /Q2371/ 3KOL.WOREK        116225";32;529;529;;529
00545;GNIOTEK  x5                                  850028;93;545;545;;545
00547;PI£KA POMPOWANA ;20;547;547;;547
00548;PI£KA 24  POMPOWANA  X10;20;548;548;;548
00551;PROFESOREK Wyrazek - sk³ada wyrazy;5;551;551;;551
00563;GRA ZOSTAÑ LEKARZEM     (FAN)                   802903;5;563;563;;563
00564;GRA ZOSTAÑ POLICJANTEM     (FAN)                802897;5;564;564;;564
00566;GRA ZOSTAÑ STRA¯AKIEM     (FAN)                 802880;5;566;566;;566
00567;PROFESOREK Cyferek - liczenie;5;567;567;;567
00569;U³ó¿ Wyrazy Ekologia   804082;5;569;569;;569
00571;GRA PAN DOKTOR  3GRY   /(FAN)                   802576;8;571;571;;571
00586;GRA U£Ó¯ WYRAZY JUNIOR   (FAN)                  804075;5;586;586;;586
00589;GRA U£Ó¯ SZYFR KOLORY I FIGURY   (FAN)          804402;5;589;589;;589
00590;GRA GWIAZDY NA ZAKUPACH  2GRY    (FAN)          804365;5;590;590;;590
00598;GRA WARCABY & CHIÑCZYK       (FAN)              802194;4;598;598;;598
00608;OKULARY - KARTA X 1 OP. /MPA80265/              802658;3;608;608;;608
00611;LALKA + 4 SUKIENKI /961849/                     618490;25;611;611;;611
00612;KLOCKI TRAKTOR 103EL. (B0556) /G075426/         965701;8;612;612;;612
00613;"JEEP ""POLICE CAR"" F/F.RADIO+£ADOW. /Q1145/      098491";3;613;613;;613
00614;KLOCKI DOMEK 149EL.(B0570) /G078215/            969914;2;614;614;;614
00616;MERC. 1:24 F/F.RADIO+£ADOW.  /Q2192/            120550;4;616;616;;616
00618;KLOCKI DOMEK 204EL.(B0569)  /G078216/           969921;1;618;618;;618
00621;KLOCKI AUTO KAMPER 324EL.(B0566) /G078219/      969952;2;621;621;;621
00622;PERUKA IROKEZ  /ZRPIE905/   W0127         58880,901457;21;622;622;;622
00626;BMW 1:24 RADIO F/F.+£ADOW. /Q2193/              120543;3;626;626;;626
00632;KOÑ NA BIEGUNACH-DZWIÊK /Z4237/    £ATY         973577;1;632;632;;632
00634;KOÑ NA BIEGUNACH-DZWIÊK /Z4238/                 973584;2;634;634;;634
00640;AUTKO Z MUZYK¥ I ŒWIAT£EM /MPE54835/  PUD.      548358;8;640;640;;640
00642;BADMINGTON 2RAKIETKI-POKROWIEC /64104/          964104;8;642;642;;642
00648;ZEGAREK BRANSOLETKA  X10   MA£Y;53;648;648;;648
00655;WÓZEK WID£OWY 18CM. /746266/  KLOSZ       15496,462668;64;655;655;;655
00661;"TELEFON KOMÓRKOWY ""PRINCESS""  /D666905/         291481";1;661;661;;661
00684;LATAJ¥CA BILA MNJ.W SIATCE 303223;41;684;684;;684
00693;SAMOLOT STYROPIANOWY W FOLII                    095533;1;693;693;;693
00696;PING PONG 2RAKIETKI+3PI£KI 302530;34;696;696;;696
00709;NACZYNIA Z KUCHENK¥ W WORKU /ZRH1229/           113152;8;709;709;;709
00714;ZESTAW DO TENISA-2RAKIETY 53CM. /SPY112810      098053;14;714;714;;714
00718;PAJ¥K NA KABEL B/O /G069889/ BLISTER            969624;23;718;718;;718
00720;TRAKTOR Z WIDLAKIEM NA LAWECIE /433285/         332858;13;720;720;;720
00724;WAÑKA WSTAÑKA MIŒ ŒW/DZW      961585;51;724;724;;724
00741;ŒMIGUSÓWKA JAJKO MA£E  /OP.25SZT./;375;741;741;;741
00742;ŒMIGUSÓWKA JAJKO DU¯E  /OP.25SZT/;500;742;742;;742
00743;ŒMIGUSÓWKA JAJKO MAXI /OP.25SZT/;125;743;743;;743
00744;ŒMIGUSÓWKA ¯ABKA  /OP.25SZT./;200;744;744;;744
00746;ŒMIGUSÓWKA RYBKA /OP.25SZT./;175;746;746;;746
00756;KLOCKI MA£E /K1BD/ WOREK DU¯Y                   000031;22;756;756;;756
00763;PISTOLET KOSM. ŒW/DZW. /MPG45891/  WOR.         458916;1;763;763;;763
00768;£OPATKA,GRABKI /HEM/                            002462;41;768;768;;768
00775;GITARA-DREWNO  /001310/                         607757;9;775;775;;775
00783;KÓ£KO NADM.51CM.-HELLO KITTY /SP56200/          562008;18;783;783;;783
00797;NOCNIK-FOTELIK  /5056/                          502658;2;797;797;;797
00812;SPRÊ¯YNA TÊCZOWA 8CM. /MPF44751/          42026,447514;376;812;812;;812
00816;KOMBAJN DO KUKURYDZY 34CM. /6275457/      00238,751570,754661;27;816;816;;816
00817;KOMBAJN DO ZBO¯A 34CM /754579/;14;817;817;;817
00845;PRZEWROTKA  POLICJA NA BATERIE  /62797/         962797;39;845;845;;845
00849;JOJO ZE ŒWIAT£EM-PI£KARSKIE  /0707/             004425;26;849;849;;849
00852;PI£ECZKI PING-PONG 40MM.- SHIELD                210981;6;852;;;852
00870;KOSIARKA DO TRAWY  /SYP/                        300095;5;870;870;;870
00875;BATERIE AG-13  1OP.=10SZT.;7;875;875;;875
00899;AUTKO BUDOWL.4WZ. W WORKU /556877/              568775;58;899;899;;899
00911;LALKA 8SUKIENEK + AKC. /256405/                 564053;34;911;911;;911
00913;PI£A MOTOROWA 33CM. B/O. /2357199/        61417,571993;18;913;913;;913
00954;UK£ADANKA MOZAIKA W PUDE£KU /MPA33275/          332759;1;954;954;;954
00969;WACHLARZ - KWIATY C. X12  /TG365102/            878612;108;969;969;;969
00987;LALKA WRÓ¯KA LATAJ¥CA MNJ. /MPE97965/           979657;3;987;987;;987
00990;PI£KA D0 SKAKANIA  Z KOLCAMI UCHWYT /Z3739      967477;4;990;990;;990
00000;;;;;;
01025;DINOZAUR NA BIEGUNACH (DZWIÊK) /Z0733/          929895;1;1025;1025;;1025
01030;WYRZUTNIA DYSK  /B6684/                         241264;28;1030;1030;;1030
01031;UK£ADANKA EDUKAC.W¥¯ W FOLII /DAJ/              293661;46;1031;1031;;1031
01054;PI£KA MIÊKKA 7,6CM. BAJKOWA  X12 /TG365516      878780;11;1054;1054;;1054
01056;MIECZ ŒWIEC¥CY  /HL319111/  WOREK               271120;31;1056;1056;;1056
01064;CATCH BALL 18.5CM. - £APACZ  831878;45;1064;1064;;1064
01069;WACHLARZ 21 cm x 10  304237;62;1069;1069;;1069
01084;KONIK + akc. do czesania 393555;22;1084;1084;;1084
01091;TRUCK Z PRZYCZEP¥ I ZWIERZÊTAMI /93127/NC       993127;8;1091;1091;;1091
01096;PISTOLET NA MIÊKKIE STRZA£KI /087013/ BC        870133;12;1096;1096;;1096
01105;BUTELKA Z MLEKIEM /Q285/  BLISTER               081707;13;1105;1105;;1105
01120;ZESTAW POLICJA 003984;30;1120;1120;;1120
01122;CZO£G Z DZWIEKIEM  /KLX700-3A/   PUD.           004449;4;1122;1122;;1122
00000;;;;;;
01148;SZACHY DREWNO  /Q1550/                          108169;9;1148;1148;;1148
00000;;;;;;
01163;LALKA PRZYTULANKA J.POLSKI /G076179/            972020;64;1163;1163;;1163
01167;ZESTAW LEKARZA W PUDE£KU 304534;23;1167;1167;;1167
01170;LALKA + 11 SUKIENEK,AKC. /TG219703/             803594;1;1170;1170;;1170
01178;PAS Z NARZÊDZIAMI+KASK Z LATARK¥ /G032403 49123,921103;29;1178;1178;;1178
01201;MOTOCYKLISTA 20CM. W WORKU /G075650/            966579;24;1201;1201;;1201
01204;AUTO PRZWROTKA WKSZ. B/O. /0971127/             711276;28;1204;1204;;1204
01211;GRZECHOTKA-GRYZAK-BRELOK 2WZ. /ZR180-2-9/       086517;19;1211;1211;;1211
01214;ZEST.DO ROBIENIA BANIEK Z RÊKAWIC¥/G063098      956785;14;1214;1214;;1214
01236;PISTOLET NA SP£ONKÊ D£.LUFA /2541069/           410696;182;1236;1236;;1236
01237;TRAKTOR  610926;11;1237;1237;;1237
00000;;;;;;
00000;;;;;;
00000;;;;;;
01264;Zestaw rycerza;21;1264;1273;;1264
01273;JOJO ZE ŒWIAT£EM /778847/;70;1273;1290;;1273
01290;Bateria /10szt / AG13 /1154;17;1290;1292;;1290
01292;BATERIA R6 PANASONIC  X 4SZT.;764;1292;1299;;1292
01299;ZEST.STRA¯AKA 923616;31;1299;1302;;1299
01302;TR¥BKA ROWER.(PRZEZROCZ)/18503/R1352      00535,816828;99;1302;1308;;1302
01308;SZALONA KULA B/O.W FOLII  /L318/          40357,096394;2;1308;1309;;1308
01309;LALKA SYRENKA 35CM.+AKC. /TA532-4/  BLIST       004902;1;1309;1310;;1309
01310;SZALONA KULA B/O.W PUDE£KU /MPI18470/           184709;1;1310;1324;;1310
01324;JEEP 28CM. 689-166  /60038/P   KLOSZ            960038;4;1324;1334;;1324
01334;PI£KA NO¯NA 301533;29;1334;1356;;1334
01356;WAÑKA WSTAÑKA 4WZ./ZR981-991/                   215832;7;1356;1377;;1356
01377;LALKA 094516;30;1377;1382;;1377
01382;LOKOMOTYWKA - TELEFON DZW/ŒW. /ZM003/           106888;3;1382;1406;;1382
00000;;;;;;
01434;"BALON DEKORACYJNY 10"" JEDNOKOL. /100/";1;1434;1467;;1434
01467;P£YN DO BANIEK 0,5 302363;9;1467;1502;;1467
00000;;;;;;
01528;AUTO STRA¯ PO¯ARNA 30CM. /8795745/ KLOSZ        957450;40;1528;1531;;1528
00000;;;;;;
01539;DOMEK 3D  /MPC26506/                            265064;4;1539;1546;;1539
01546;LOKOMOTYWKA Z TOREM  /17526/                    614960;2;1546;1569;;1546
01569;POMPONY MNJ. /6 szt /  /Z2744/                            953678;50;1569;1581;;1569
01581;KAROCA NA BATERIE  /MPI48129/                   481297;1;1581;1589;;1581
00000;;;;;;
01592;"KOLEJKA ""SZCZÊŒLIWY POCI¥G"" B/O. /G048689/      945291";8;1592;1594;;1592
01594;AUTO BETONIARKA /91956/NC  KLOSZ                991956;4;1594;1608;;1594
01608;AUTO WYŒCIGOWE 303056;21;1608;1609;;1608
01609;TRUCK LAWETA + 4 AUTKA BUDOWL. /926072/         260729;22;1609;1617;;1609
01617;PISTOLET TRANSFORMER /K8965/5                   158965;3;1617;1619;;1617
01619;JEEP + 2PRZYCZEPY Z DINOZAURAMI /44647/NC       244647;24;1619;1629;;1619
01629;AUTO 22CM. POGOTOWIE  /181632/    KLOSZ         816320;1;1629;1630;;1629
01630;SAMOLOT NA BATERIE-PODWIESZANY /MPB80650/       806502;45;1630;1633;;1630
01633;PISTOLET NA BAÑKI W FOLII /63473/               963473;55;1633;1646;;1633
01646;BATERIA R03-OKTAN   X4                          170010;120;1646;1656;;1646
01656;PRALKA NO.3117 NA BATERIE ŒW/DZW./G012098/      908470;6;1656;1660;;1656
01679;LATAJ¥CA BILA 300543;44;1679;1694;;1679
01694;NOSID£O 30CM. Z POŒCIEL¥ /LA9910B/X             417951;5;1694;1708;;1694
01708;AUTO ŒMIECIARKA 30CM. /MKE127525/KLOSZ    91840,275257;2;1708;1709;;1708
01709;ZEST.POLICYJNY+KAMIZELKA,KASK/66118/SIATKA      661187;11;1709;1717;;1709
01717;KIEROWNICA DU¯A Z LICZNIKIEM /384576/           845762;104;1717;1719;;1717
01719;KOLEJKA Z TOREM B/O. /014009/                   618517;6;1719;1724;;1719
01724;PCHE£KI /NAK£ON/   X6                           800105;6;1724;1729;;1724
01729;CIASTOLINA - ZESTAW /G044331/             40289,618357;11;1729;1730;;1729
01730;CIASTOLINA 4 POJEMNIKI /G060434/                958178;23;1730;1734;;1730
01734;CIASTOLINA 6 POJEMNIKÓW WKSZ. /025735/          621302;19;1734;1747;;1734
01747;KOMBAJN HARVESTER MA£Y-ZBO¯E /2500002/    00026,500004;2;1747;1748;;1747
01757;TIR LAWETA + 5 AUTEK /92793/NC                  992793;2;1757;1781;;1757
00000;;;;;;
01782;CIÊ¯ARÓWKA CYSTERNA /93295/NC                   993295;2;1782;1785;;1782
00000;;;;;;
01788;AUTO POLICYJNE 25X16CM. /ZM648/  KLOSZ          070813;36;1788;1791;;1788
01791;MIKROFON B/O. CZARNY  NO.1319A                  293607;1;1791;1798;;1791
00000;;;;;;
01799;CZO£G NA RADIO  /MPB75435/                      754353;10;1799;1805;;1799
01805;ZESTAW BOKSERSKI MNJ.  /261799/                 617995;18;1805;1809;;1805
01809;MOTOR COOPER ŒW./DZW. /TG363197/  WOREK         876632;5;1809;1815;;1809
01815;AUTKO 17CM W WORKU  /MPG42500/                  425000;111;1815;1842;;1815
01842;FLET DREWNIANY /U341/                           113293;3;1842;1845;;1842
01845;PIRAMIDA /KACZOR,PAJACYK/   HEM                 002059;10;1845;1855;;1845
01855;LALKA + 30  SUKIENEK  /034956/                  349560;20;1855;1863;;1855
00000;;;;;;
01876;HELIKOPTER - NACI¥G SZNUREK  /015766/           609058;24;1876;;;1876
01878;AUTO LAWETA+4AUTKA /86-003/                     004111;2;1878;1888;;1878
01888;PARKING POLIC.Z AUTKAMI NO.660-76 /G057152      958352;15;1888;1896;;1888
01896;"WALKIE TALKIE ""POLICE"" /MPG56713/               567137";1;1896;1932;;1896
00000;;;;;;
01936;Pojazd rolniczy 244005;30;1936;1944;;1936
00000;;;;;;
01958;POMPKA D£.DO PI£EK Z WÊZYKIEM /TAQT-0112/       003615;8;1958;1962;;1958
01962;Warcaby & M³ynek   802514;5;1962;1964;;1962
01964;SPRZ¥TACZKA ZESTAW WKSZ.W WORKU /027681/        616353;27;1964;1972;;1964
01972;KOSTKA MAGICZNA ;119;1972;1985;;1972
01985;BOBAS 30CM.- WE£NIANE UBRANKO /1403/            870197;17;1985;2012;;1985
02012;WÊDKA+RYBKI - NEMO /ZR5823/                     013117;1;2012;2027;;2012
02027;TRAKTOR Z BECZK¥     /MPC35632/ G045231   63252,943525;10;2027;2044;;2027
02044;PIANINKO-GRZYB G£. ZWIERZ¥T /TG364067/          802665;4;2044;2063;;2044
02063;MALOWID£A 4CZÊŒCI-KSIÊZYC  /MPD70396/           703962;8;2063;2069;;2063
02069;AUTKO JEEP NO.336 /988698/  WOREK               886981;193;2069;2132;;2069
02132;MASZYNA BUDOWLANA NO.3316 /X1751/ MANITU  960298,60298;3;2132;2141;;2132
02141;AUTO NA BATERIE ŒW.3D  /TG372885/               801941;4;2141;2146;;2141
02146;TRAKTOR Z CYSTERNA NO.1018-15 /433249/          332490;19;2146;2149;;2146
02149;"PI£KA SIATKOWA ""DURASOFT""   /V712/              110896";35;2149;2177;;2149
02177;PISTOLET /8392491/  WOREK                       924913;8;2177;2178;;2177
02178;PISTOLET NA SP£ONKÊ Z LUNET¥/621817/ WOREK63404,006725;288;2178;2179;;2178
02179;KASA  Z DZWIÊKAMI B/O. NO.34440 /G1003/         109326;2;2179;2186;;2179
02186;TIR+PRZYCZ.+ ZWIERZÊTA/DINOZAURY /127,394/  993127,394;1;2186;2194;;2186
02194;£UK 42CM +3 STRZA£Y /HL315307/ WOREK            035428;8;2194;2202;;2194
02202;TABLICA ZNIKOPIS S£OÑ /220031/                  200319;4;2202;2205;;2202
00000;;;;;;
02225;Auto policja przewrotka 302899;35;2225;2236;;2225
02236;TELEFONY ZESTAW /011439/                        611952;6;2236;2239;;2236
00000;;;;;;
02255;PI£KA DO SKAKANIA METALIZ.2KOL.45CM/PG3144      831441;1;2255;2274;;2255
02274;TRAKTOR siewnik nawozu;19;2274;2303;;2274
02303;TR¥BKA ROWEROWA (METALIZOWANA) /PG1605/   16131,871095;4;2303;2305;;2303
02305;BRANSOLETKA LAMBADKA  X10                       00981;77;2305;2307;;2305
02307;TRAKTOR 057228;70;2307;2315;;2307
02315;TRAKTOR z pras¹ kostkuj¹c¹/ 642732/;22;2315;2325;;2315
02325;KUCHNIA ŒW/DZW. 63X45CM. /ZR661-51/             096691;4;2325;2326;;2325
00000;;;;;;
02333;ZESTAW NARZÊDZI  W PVC  /G060446/               958291;16;2333;2353;;2333
02353;SIATKA DO PI£KI X25;245;2353;2379;;2353
02379;PISTOLET NA SP£ONKÊ Z£OTY/SREBRNY/8392455/63381,924555;221;2379;2407;;2379
02407;KOPARKO - SPYCHACZ /SYP/  SIATKA                300217;2;2407;2431;;2407
02431;KUCHNIA (SWIAT£O,DZWIÊK) NO.3151 /G014207/      908494;1;2431;2434;;2431
00000;;;;;;
02439;PISTOLET MASZ.SP£ONKA /276536/  BLIST.          765368;103;2439;2451;;2439
02451;KOÑ FLOKOWANY+MA£Y /TG220286/                   800807;49;2451;2452;;2451
02452;TRAKTOR Z PRZYCZEP¥ +FIGURKI /3975048/          750481;58;2452;2459;;2452
00000;;;;;;
02466;GWIZDEK PI£KA NO¯NA;120;2466;2473;;2466
02473;TACZKA /HEM/                                    005371;2;2473;2484;;2473
02484;KARABIN PUKAWKA CIEN.LUFA /MPA46350/      35089,463507;5;2484;2493;;2484
02493;HUŒTAWKA DESKA /TOYS/;1;2493;2510;;2493
00000;;;;;;
00000;;;;;;
02546;POZYTYWKA LALECZKA   /G069647/                  963097;1;2546;2559;;2546
02559;STRZELBA Z LUNETA NA STRZA£KI /381962/ BC       819626;27;2559;2569;;2559
02569;ŒMIG£O ZE ŒWIAT£EM /Q1268/ BLISTER              101436;18;2569;2570;;2569
02570;AUTO PRZEWROTKA NO.138 /N1-138/                 000892;28;2570;2576;;2570
02576;LATAWIEC NIETOPERZ 140CM /73312/                673312;2;2576;2590;;2576
02590;"LALKA 11"" SOFIA   /GO75530/                     966074";82;2590;2593;;2590
02593;LALKA ŒPIEWAJACA Z AKCESORIAMI /KT6300F/        000747;4;2593;2615;;2593
02615;AUTO STRA¯ PO¯.38CM.RUCH.DRABINA /ZM381/  089709 68604;47;2615;2629;;2615
02629;PI£KA 45CM DO SKAKANIA Z KOLCAMI /PG1310/       816896;10;2629;2638;;2629
02638;POMPKA DO PI£EK IG£A,WÊ¯YK /SPPIE16006/         214187;14;2638;2644;;2638
02644;"PI£KA SIATKOWA ""TONCHAN""  983354";26;2644;2645;;2644
02645;KOLEJKA NA BATERIE /MPF62240/   BLIST.   622409;26;2645;2657;;2645
02657;"FIGURKA ""EARTH WARRIOR"" 5WZ./2010-13/BC         000122";9;2657;;;2657
02666;MALOWID£A 2CZÊŒCI-MIŒ  /G076119/                970927;2;2666;2682;;2666
02682;MOTYLKI-MAGNESY  /K8889/5                       158880;53;2682;2686;;2682
02686;ZEST.WIÊKSZY Z SUSZARK¥ B/O.  /MPG51070/  10706,392816;4;2686;2691;;2686
00000;;;;;;
02698;TRAKTOR+PRZYCZEPA 53CM+ZWIERZ./FA0488-98/       612456;20;2698;2711;;2698
02711;TRAKTOR PRZYCZ.3ZWIERZ.DOMOWE 244760;53;2711;2714;;2711
02714;PISTOLET NA SP£ONKÊ NA KARCIE /276833/          768338;236;2714;2715;;2714
02715;TELEFON NA SZNURKU+BAT. /MPJ05322/  BLIST.      053227;271;2715;2730;;2715
02730;ODKURZACZ ŒWIAT£O/DZWIÊK NO.3939 /G031831/      919124;4;2730;2738;;2730
02738;"DOMEK Z LALK¥ 11,5"" /3089404/                   884048";6;2738;2740;;2738
02740;Konik z akc. BOX 393562;60;2740;2741;;2740
02741;TRAKTOREK Z URZ¥DZENIEM-PRZÓD /210951/          109513;99;2741;2750;;2741
00000;;;;;;
02756;AUTO ŒMIECIARKA /MPJ02119/  KLOSZ               021196;7;2756;2785;;2756
02785;DOMEK DLA LALEK 305700;27;2785;2789;;2785
02789;ZESTAW PIÊKNOŒCI NO.924  /G075518/  BC          972570;23;2789;2792;;2789
02792;SUSZARKA NA BATERIE +AKC. /118275/ TORBA  18278,182753;62;2792;2795;;2792
02795;DOMEK-PA£AC+AKC. NO.CB888-9 ŒW.DZW. /Q2226      120727;5;2795;2804;;2795
02804;PISTOLET B/O.  J.POLSKI  /G083854/              970514;2;2804;2812;;2804
02812;KOSIARKA II /SYP/                               300156;7;2812;2817;;2812
02817;MIKROFON STOJ¥CY B/O. NO.5867  /G057294/  60249,617923;5;2817;2824;;2817
02824;CIÊ¯ARÓWKA Z KOPARK¹ 29CM. /596571/       65710,993318;67;2824;2835;;2824
02835;WIERTARKA NA BATERIE /61424/              57189,961424;16;2835;2837;;2835
00000;;;;;;
00000;;;;;;
02891;AUTO STRA¯ PO¯. 23CM. /5109813/                 098134;33;2891;2904;;2891
02904;"AUTO F/F ""EXCITER"" + £ADOW. /HL259420/          029281";10;2904;2910;;2904
00000;;;;;;
02919;"ROBOT ""AMAZING"" 37CM.W BOXIE /TA90921/          001031";5;2919;2921;;2919
02921;ZESTAW STRA¯AK Z KASKIEM MNJ. /60212/P    60212,803280;36;2921;2926;;2921
02926;G£OWA DO CZESANIA-MUZYKA/ŒW. /009935/           619132;22;2926;2942;;2926
00000;;;;;;
02952;ZEST.RYCERSKI,TARCZA,MIECZE,NAPIERŒNIK/GAZ      958901;2;2952;3001;;2952
03001;LATAWIEC DO MONTA¯U PLASTIKOWY /G029112/        955528;9;3001;3008;;3001
03008;Klocki dziewczêce + auto 391902;31;3008;3015;;3008
03015;LALKA 471964;22;3015;3016;;3015
03016;KIEROWNICA B/O. ZWIERZATKA                      293744;6;3016;3019;;3016
03019;KUSZA NA KARCIE 43X28CM. /92663/NC              992663;10;3019;3024;;3019
03024;TRAKTOR Z KOMBAJNEM ZIEM./1018-21/62964/  62964,952978;5;3024;3033;;3024
03033;Pojazd z kopark¹ 993455;17;3033;3043;;3033
03043;TABLICA ZNIKOPIS Z MISIEM /346166/              461665;5;3043;3044;;3043
00000;;;;;;
03054;KARETA Z LALK¥ 28CM. /033303/                   333303;31;3054;3058;;3054
03058;¯Y£KA DO ZAPLATANIA /63930/                     963930;228;3058;3061;;3058
03061;WÓZEK SKLEPOWY NA KARCIE /MPB44299/             442991;15;3061;3062;;3061
03062;ROBOT KUCHENNY 2WZ. /MPB70864,68/            708646,84;29;3062;3064;;3062
03064;BAÑKI-P£YN O,5L  KANISTER /ZR777/62858/   77164,962858;75;3064;3069;;3064
00000;;;;;;
03072;JEEP PICK-UP DU¯Y /340028/   KLOSZ              400282;27;3072;3086;;3072
03089;NARZÊDZIA+WIERTARKA W SKRZYNCE /MP23440T/       234404;2;3089;3101;;3089
03101;TRAKTOR  642374;21;3101;3119;;3101
03119;KARABIN NA STRZA£KI  /034611/     BC            620671;6;3119;3156;;3119
03156;TRAKTOR z przyczep¹ + zwierzêta /155820/;26;3156;3161;;3156
03161;PCHACZ SAMOLOT   117639;40;3161;3181;;3161
03181;LALKA SYRENKA ŒWIEC¥CA+AKC BLIST./93004/  40272,993004;21;3181;3187;;3181
03187;KARABIN PUKAWKA /7381224/  PEPESZA        47990,812244;55;3187;3195;;3187
03195;TRAKTOR 598754;34;3195;3209;;3195
03209;PUZZLE 54 MINI -CASTOR;22;3209;3242;;3209
03242;TABLICA STOJ¥CA  /M-T/ B.RAMKI                  850006;1;3242;3243;;3242
03243;TABLICA STOJ¥CA - RAMKA   /M-T/;1;3243;3266;;3243
03266;TRAKTOR 485411;18;3266;3292;;3266
03292;RAKIETA DO TENISA W POKROWCU /PG3174/           831748;29;3292;3295;;3292
03295;TRAKTOR 599119;34;3295;3297;;3295
03310;PI£KA NO¯NA  301540;19;3310;3333;;3310
03333;SP£ONKA POJEDYNCZA /CAP121/  X24                262520;488;3333;3349;;3333
03349;TRAKTOR z przyczep¹+ zwierzêta /574108/;33;3349;3350;;3349
03350;Traktor z kosiark¹ polow¹  /834446/;21;3350;3356;;3350
03357;SKRZYD£A ANIO£A  /ZRN11077/                     051348;9;3357;3360;;3357
03360;KAJDANKI METAL  ;183;3360;3396;;3360
03403;POCI¥G NA BATERIE PLATFORMA /MKF668469/         684696;110;3403;3405;;3403
03405;AUTKO JEEP 19CM.4KOL. /392525/                  925259;73;3405;3442;;3405
03442;WOJOWNIK 794833;35;3442;3456;;3442
03491;ZAMEK DLA LALEK MNJ. /G045136/                  948599;15;3491;3494;;3491
03494;PI£KA NO¯NA TRZYKOLOROWA /V706/                 110834;1;3494;3498;;3494
03498;TRAKTOR 837416;18;3498;3501;;3498
03513;BALON WALENTYNKOWY Z NADRUKIEM /OPK.20SZT/      831607;1;3513;3521;;3513
03521;EDU Biznes City;5;3521;3532;;3521
03532;ZESTAW KOÑ 30CM.+K0NIK 18CM. /MPF63909/         639094;2;3532;3540;;3532
03543;AUTO SPORT CAR RADIO+£ADOW. /HL88843/           021353;7;3543;3546;;3543
03546;TRAKTOR 641742;24;3546;3549;;3546
03588;EDU Chiñczyk Warcaby   803177;5;3588;3598;;3588
03645;PAMIÊTNIK ZAMYKANY - PUDE£KO /TG365130/         878650;12;3645;3650;;3645
03668;"POCI¥G ""TRAIN EMLI"" B/O. /MPF62230/             622300";3;3668;3678;;3668
03678;KARUZELKA NAD £Ó¯ECZKO-PLUSZAKI /MPJ90125/      901252;9;3678;3680;;3678
03692;LEKARZ W PUDE£KU  /MPJ88785/              86625,887853;9;3692;3705;;3692
03705;TRAKTOR+2MASZYNY BUDOWL.NA LAWECIE/433276/      332766;18;3705;3719;;3705
03719;SANKI-£OPATA  /ST/;12;3719;3721;;3719
03721;GRA ELEKTRONICZNA;28;3721;3743;;3721
03743;LALKA SYRENKA + AKC. /MPF42433/  PUD.           424331;13;3743;3751;;3743
03751;TRAKTOREK PRZYCZEPA,ZWIERZ. MNJ./451038/        510386;189;3751;3761;;3751
03761;ZESTAW LEKARZ W PUDE£KU /GO44793/MPB69234       939368;3;3761;3772;;3761
03772;JEEP POLICJA NA BATERIE/MPD79972/ PUD.    97276,997276;11;3772;3774;;3772
03774;TRAKTOR 837867;22;3774;3780;;3774
03801;GRA GRZYBOBRANIE /NAK£ON/                       800167;2;3801;3803;;3801
03803;DOMEK EDUKACYJNY B/O. /G348/                    093373;7;3803;3804;;3803
03804;TRAKTOR 830822;24;3804;3816;;3804
03816;"KOLEJKA ""CLASSIC TRAIN"" B/O. /MPH15173/         151732";14;3816;3876;;3816
03876;LALKA CH£OPAK  /TG364289/                       879107;22;3876;3881;;3876
03894;AUTO BETONIARKA 31CM.  /91277/NC                991277;1;3894;3905;;3894
03905;MYSZKA NAKRÊCANA MNJ. X 12SZT. /GO68562/  12701,172520;237;3905;3911;;3905
03911;P£YWACZKI REKIN  /G057487,490/              956532,556;86;3911;3931;;3911
03931;G£OWA DO CZESANIA /MPD67470/TG364173/     74705,879565;9;3931;3950;;3931
03950;MOTOR Z KOSZEM NA BATERIE  /G040439/      50097,879183;11;3950;3953;;3950
03953;HELIKOPTER;29;3953;3970;;3953
03970;"BILARD ""MINI POOL""   /G031876/                  918615";15;3970;3975;;3970
03975;KLOCKI BUS STRA¯ PO¯. 83EL. NO.8057       34636,960595;3;3975;3995;;3975
03995;PIANINKO-DOMEK G£.ZWIERZ¥T  /TG364068/          802672;1;3995;4002;;3995
04002;Karabin 973929;14;4002;4004;;4002
04004;Auto 742939;31;4004;4005;;4004
04005;Zestaw policja 654870;26;4005;4006;;4005
04006;Traktor z przyczep¹ + zwierzêta /139883/;19;4006;4007;;4006
04007;Strzelba 479020;65;4007;4008;;4007
04008;PIESEK FLOKOWANY KIWACZEK /12 szt / BOX   809817;62;4008;4009;;4008
04009;PIESEK FLOKOWANY KIWACZEK /48 szt / BOX   809855;240;4009;4010;;4009
04010;Holownik w worku 006258;58;4010;4011;;4010
04011;Samochód holownik 921284;40;4011;4012;;4011
04012;Auto sportowe 000744;24;4012;4013;;4012
04013;Transrobot - motor ze œwiat³em 003950;30;4013;4014;;4013
04014;P³aszcz przeciwdeszczowy;55;4014;4015;;4014
04015;Malowid³a dla lalek 873501;31;4015;4018;;4015
04018;Telefon na baterie 815153;97;4018;4020;;4018
04020;Lalka w zestawie    033021;54;4020;4021;;4020
04021;Lalka w zestawie 034554;46;4021;4022;;4021
04022;Samochód ze œwiat³em i dŸwiêkiem   015973;23;4022;4033;;4022
04033;GITARA 992731;21;4033;4043;;4033
04043;KACZUSZKA+MA£A-PISZCZKI /6801/                  744028;32;4043;4044;;4043
04044;DINOZAURY MIÊKKIE 960223;31;4044;4072;;4044
04072;MYSZKA NAKRÊCANA WKSZ.  OP.X1  /1489419/        894193;1;4072;4080;;4072
04080;BAÑKI-P£YN 1L. KANIST. /TG58855/62841     70302,962841;29;4080;4106;;4080
04106;PISTOLET NA BATERIE 805949;67;4106;4194;;4106
04196;PISTOLET NA WODê 28CM /2299                     822992;4;4196;4198;;4196
04198;PISTOLET NA WODê MA³Y;2;4198;4199;;4198
04199;MASKOTKA M;141;4199;4200;;4199
04200;ZABAWKA FIGURKA;30;4200;4201;;4200
04201;ZABAWKA RÓZGA;50;4201;4202;;4201
04203;AUTO 32CM                                       992212;15;4203;4204;;4203
04204;POJAZD K³AD                                     993509;21;4204;4205;;4204
04205;AUTO POLICJA                                    993325;31;4205;4206;;4205
04206;HELIKOPTER NA BATERIE                           993424;4;4206;4207;;4206
04207;KOPARKA                                         993165;2;4207;4208;;4207
04208;POJAZD ROZKRêCANY                               993530;12;4208;4209;;4208
04209;M³OTEK PISZCZEK /992915,919236/;167;4209;4210;;4209
04210;ZESTAW POLICYJNY                                992618;8;4210;4211;;4210
04211;Helikopter z dŸwiêkiem 93479/993479/;13;4211;4212;;4211
04212;Koparka 93554/993554/;30;4212;4213;;4212
04215;ZESTAW DO PIASKU DU¿Y                           300132;2;4215;4216;;4215
04220;BAñKI MYDLANE;48;4220;4221;;4220
04234;P³YN DO BANIEK;34;4234;4235;;4234
04237;PISTOLET SYGNA³OWY;16;4237;4238;;4237
04243;KOSZYKÓWKA;28;4243;4244;;4243
04246;¿ELOWY PISTOLET M03 BOX;7;4246;4247;;4246
04247;PISTOLETY;232;4247;4247;;4247
04249;PISTOLETY;2;4249;4250;;4249
04250;FRYZJER PLASTIKOWY ZESTAW  107082;52;4250;4251;;4250
04251;MASKOTKA PIES;50;4251;4252;;4251
04252;MASKOTKA KOT;2;4252;4253;;4252
04253;MASKOTKA WIEWIÓR;24;4253;4254;;4253
04254;MASKOTKA PINGWIN;10;4254;4255;;4254
04255;MASKOTKA DR D;30;4255;4256;;4255
04256;MASKOTKA SID;30;4256;4257;;4256
04257;Auto 93349 /993479/;24;4257;4258;;4257
04258;MASKOTKA MINI;20;4258;4259;;4258
04259;PI³KA;180;4259;4260;;4259
04260;ZABAWKA PIERœCIONEK;36;4260;4261;;4260
04261;KOSZYKÓWKA;20;4261;4262;;4261
04262;MIECZ NA BATERIE;137;4262;4263;;4262
04263;ZESTAW KUCHENNY;17;4263;4264;;4263
04264;KULKI GRANAT;5;4264;4265;;4264
04265;ZESTAW KUCHENNY;9;4265;4266;;4265
04266;ZESTAW PIêKNOœCI;125;4266;4267;;4266
04267;ZESTAW PIêKNOœCI Z BUCIKAMI;23;4267;4268;;4267
04268;ZESTAW PIêKNOœCI;4;4268;4269;;4268
04269;ROBOT KUCHENNY NA BATERIE;7;4269;4270;;4269
04270;ZESTAW BOKSERSKI;21;4270;4271;;4270
04271;ZESTAW PIêKNOœCI;50;4271;4272;;4271
04272;PROJEKTOR NA BATERIE;31;4272;4273;;4272
04273;ZESTAW SAMOCHODÓW;39;4273;4274;;4273
04274;KOLEJKA z torami /305074/;144;4274;4275;;4274
04275;GITARA;2;4275;4276;;4275
04276;KUSZA;33;4276;4277;;4276
04277;Motor 93745 /993745/;70;4277;4278;;4277
04278;GRA RYBKI;16;4278;4279;;4278
04279;ZESTAW DO BANIEK;12;4279;4280;;4279
04281;GRA RYBKI;70;4281;4282;;4281
04282;PI³A;8;4282;4283;;4282
04283;WALEC;9;4283;4284;;4283
04284;TRAKTOR siewnik nawozu;8;4284;4285;;4284
04285;Pistolet w pude³ku 93646 /993646/;63;4285;4286;;4285
04286;KULKI;85;4286;4287;;4286
04287;KULKI;91;4287;4288;;4287
04288;PTASZEK W KLATCE;23;4288;4289;;4288
04289;TOREBKA;9;4289;4290;;4289
04290;PCHACZ;4;4290;4291;;4290
04291;PCHACZ;72;4291;4292;;4291
04293;KARABIN;3;4293;4294;;4293
04295;KARETKA;36;4295;4296;;4295
04296;AUTO;3;4296;4297;;4296
04297;Traktor z ³y¿k¹ /968065/;2;4297;4298;;4297
04298;TRAKTOR;6;4298;4299;;4298
04299;TRAKTOR z wozem paszowym;23;4299;4300;;4299
04300;TRAKTOR;13;4300;4301;;4300
04301;TRAKTOR;25;4301;4302;;4301
04302;WIDLAK;20;4302;4303;;4302
04303;LALKA;22;4303;4304;;4303
04304;LALKA;3;4304;4305;;4304
04305;LALKA;17;4305;4306;;4305
04306;LALKA;19;4306;4307;;4306
04307;LALKA;34;4307;4308;;4307
04308;LALKA;20;4308;4309;;4308
04309;TOREBKA;21;4309;4310;;4309
04310;"""AUTA"" PICKUP 2WZ. /192    300346   ZM826-104-106";37;4310;4311;;4310
04311;WÓZEK;1;4311;4312;;4311
04312;PISTOLET NA STRZA³KI                            123650;32;4312;4313;;4312
04313;"""AUTA"" SPORTOWE 2WZ. /192   300353  ZM826-105-107";42;4313;4314;;4313
04314;TRAKTOR Z MODU³EM                              115808;21;4314;4315;;4314
04315;TRAKTOR Z MODU³EM                              115846;27;4315;4316;;4315
04316;TRAKTOR Z MODU³EM                              115815;52;4316;4317;;4316
04317;TRAKTOR Z MODU³EM                              115792;25;4317;4318;;4317
04318;TRAKTOR Z PRZYCZEP¹                             119110;5;4318;4319;;4318
04319;"""AUTA"" AUTO Z LAWET¥ 3WZ /72   300360 ZM826-108-109-110";36;4319;4320;;4319
04320;KALEJDOSKOP                                     124138;3;4320;4321;;4320
04321;WANNA                                           124121;13;4321;4322;;4321
04322;¿ABA                                            124022;129;4322;4323;;4322
04323;AUTO FRICTION /36 ZM388-09A 300087;32;4323;4324;;4323
04324;HULAJNOGA                                       124275;1;4324;4325;;4324
04325;ZESTAW POLICYJNY                                122509;48;4325;4326;;4325
04326;NACZYNIA W SIATCE                               123582;45;4326;4327;;4326
04327;ZESTAW LEKARSKI                                 123704;5;4327;4328;;4327
04328;LALKA                                           119530;49;4328;4329;;4328
04329;KARABIN NA BATERIE                              117093;17;4329;4331;;4329
04331;PCHANKA PIRAMIDA                                118250;34;4331;4332;;4331
04332;PIRAMIDA                                        120451;27;4332;4333;;4332
04333;WYRZUTNIA POCISKÓW                              115105;114;4333;4334;;4333
04334;JAJO DINOZAURA                                  113477;15;4334;4335;;4334
04335;KORONA œWIEC¹CA                                 113330;30;4335;4336;;4335
04336;KONIK NA BLISTRZE                               106554;22;4336;4337;;4336
04337;BêBENEK                                         091867;10;4337;4338;;4337
04338;BOBAS œPIEWAJ¹CY                                116782;67;4338;4339;;4338
04339;Zestaw muzyczny 90126 /990126/;29;4339;4340;;4339
04340;BOBAS DOROTKA ŒPIEWAJ¥CA I MÓWI¥CA              116508;5;4340;4341;;4340
04341;BOBAS DOROTKA ŒPIEWAJ¥CA I MÓWI¥CA              116829;34;4341;4342;;4341
04342;PISTOLET NA STRZA³KI                            124350;334;4342;4343;;4342
04343;RÓ¯D¯KA                                         124527;96;4343;4344;;4343
04344;TRAKTOR Z MODU³EM                               115723;60;4344;4345;;4344
04345;TRAKTOR Z MODU³EM                               115877;26;4345;4346;;4345
04346;TRAKTOR Z MODU³EM                               115839;54;4346;4347;;4346
04347;TRAKTOR wê¿ownica /410546/;31;4347;4348;;4347
04348;SUKIENKA DLA LALKI;5;4348;4349;;4348
04349;UBRANKO DLA BOBASA;3;4349;4350;;4349
04352;POCI¹G NA BATERIE                               978503;86;4352;4353;;4352
04353;PIESEK NA BATERIE                               978275;59;4353;4354;;4353
04354;KLOCKI SLUBAN STRA¿                            973706;5;4354;4355;;4354
04355;KARTY DO GRY;18;4355;4356;;4355
04356;PI³KA DO SKAKANIA                              967446;1;4356;4357;;4356
04357;£OPATKA                                         000895;190;4357;4358;;4357
04358;KLOCKI K2 MA³E                                  000895;25;4358;4359;;4358
04359;KOMPLET KONIECZYNKA                           000833;5;4359;4360;;4359
04360;KOMPLET KONIECZYNKA RÓ¯                         000833;1;4360;4361;;4360
04361;KOMPLET KONIECZYNKA                             000857;20;4361;4363;;4361
04363;KUFEREK                                         002202;1;4363;4365;;4363
04367;³APACZ                                          63060;5;4367;4368;;4367
04368;BRAMKA 120X65                                   69345;1;4368;4369;;4368
04370;PISTOLET RYBA                                  68720;9;4370;4371;;4370
04371;TRAKTOR KOPARKA                             64548;5;4371;4372;;4371
04372;KOMBAJN                                      69796;7;4372;4373;;4372
04373;TRAKTOR WIELKI DO SIANA                        68171;5;4373;4374;;4373
04374;KREDA DO ASFALTU                                68768;58;4374;4375;;4374
04375;TRAKTOR M Z OPRYSKIWACZEM I ³Y¿K¹  /60755/;9;4375;4376;;4375
04376;TRAKTOR WIELKI ROZRZUTNIK                        62650;9;4376;4377;;4376
04377;B¹K DU¯Y                                        900029;12;4377;4378;;4377
04378;TRAKTOR œREDNI Wê¿OWNICA    /68072/;9;4378;4379;;4378
04379;ZESTAW WOJSKOWY                                  63091;30;4379;4380;;4379
04380;P³YN DO BANIEK 2L                              68775;6;4380;4381;;4380
04381;PISTOLET Z DŸWIêKIEM                             69840;30;4381;4382;;4381
04382;PISTOLET Z BAñKAMI                               68683;36;4382;4383;;4382
04383;ZESTAW RAKIET                                   69925;27;4383;4384;;4383
04384;ZESTAW POLICJA                                   68904;48;4384;4385;;4384
04386;TRAKTOR WIELKI PRZYCZEPA                         68188;2;4386;4387;;4386
04387;PISTOLET NA STRZA³KI                             64579;13;4387;4388;;4387
04388;Bañki;13,3334;4388;4389;;4388
04389;KOLEJKA+3 WAGONY                                211988;24;4389;4390;;4389
04390;ZESTAW LEKARSKI                                 215146;4;4390;4391;;4390
04391;TELEFONIK NA BATERIE                            110212;67;4391;4392;;4391
04392;TABLICA MULTIMUZYCZNA                           960575;21;4392;4393;;4392
04393;LORNETKA                                        000876;104;4393;4394;;4393
04394;LALKA PARKA W WORKU                             113060;14;4394;4395;;4394
04395;LALKA PARKA W WORKU                             113070;15;4395;4397;;4395
04397;FIGURKA ROBOT                                   212671;1;4397;4398;;4397
04398;TRANSROBOT                                      113879;2;4398;4399;;4398
04400;¿ELAZKO                                         211704;35;4400;4401;;4400
04401;GLUTY                                          870982;621;4401;4402;;4401
04402;GLUTY OKO                                       871439;12;4402;4403;;4402
04403;GNIOTEK   /24 szt /              873075;46;4403;4404;;4403
04404;KARABIN NA KULKI                               876977;6;4404;4405;;4404
04405;SAMOLOT NA BATERIE                             871569;8;4405;4406;;4405
04406;M³OTEK PISZCZ¹CY                                879220;170;4406;4407;;4406
04407;MLOTEK PISZCZ¹CY                              879213;8;4407;;;4407
04408;KARABIN NA STRZA³KI                             879879;154;4408;4409;;4408
04409;KARABIN TERKOTKA                               879886\;85;4409;4410;;4409
04410;PI³KA GUMOWA                                   878292;263;4410;4411;;4410
04411;KARTY DO GRY       302783;100;4411;4412;;4411
04412;MIKROFON ECHO                                  802795;59;4412;4413;;4412
04414;KARABIN NA KULKI                                801644;16;4414;4415;;4414
04415;TELEFON NA BATERIE                              802443;115;4415;4416;;4415
04416;BIEDRONKA NA BATERIE                          804706;98;4416;4417;;4416
04417;TELEFON DLA MALUCHA                             805970;50;4417;4418;;4417
04419;KARABIN HUKOWY                                  806144;72;4419;4420;;4419
04420;BUTLA GAZOWA GLUTY                              806953;165;4420;4421;;4420
04421;WIATRAK BROKATOWY                              807790;128;4421;4422;;4421
04422;œWIDEREK PLASTIKOWY                            808155;12;4422;4423;;4422
04423;ŒWIDEREK PLASTIKOWY  /12szt/      806892;504;4423;4424;;4423
04424;œWIDEREK PLASTIKOWY                           808100;12;4424;4425;;4424
04425;BATERIA PANASONIC R03/TRAY;48;4425;4426;;4425
04427;KOMBAJN                                        005087;23;4427;4428;;4427
04429;TRAKTOR siewnik nawozu 006244;11;4429;4430;;4429
04431;TRAKTOR z p³ugiem /000075/;6;4431;4432;;4431
04433;AUTO POLICYJNE                                009344;30;4433;4434;;4433
04434;POCI¹G NA BATERIE                               009115;5;4434;4435;;4434
04435;MOTOCYKL                                        008804;2;4435;4436;;4435
04436;ZWIERZ¹TKO NAKRêCANE                            008439;12;4436;4437;;4436
04437;TR¹BKA Z FLAG¹ POLSKI                          008019;144;4437;4438;;4437
04438;MINI GOLF                                       008774;14;4438;4439;;4438
04440;ROBOT NA BLISTRZE                               009214;76;4440;4441;;4440
04441;KONIK ZEWSTAW                                   006589;6;4441;4442;;4441
04442;LALKA SZMACIANKA                               009375;10;4442;4443;;4442
04443;LALKA SZMACIANKA                                009368;1;4443;4444;;4443
04444;LALKA                                          000204;18;4444;4445;;4444
04446;ROBOT TRASFORMERS                               002116;11;4446;4447;;4446
04447;PISTOLET NA STRZA³KI                            006473;118;4447;4448;;4447
04450;GITARA NA BATERIE                               008941;15;4450;4452;;4450
04452;BATERIA PANASONIC R6L ALKALINE;191;4452;4453;;4452
04453;TRAKTOR                                         962643;1;4453;;;4453
04454;BAñKI                                           370881;8;4454;4455;;4454
04456;P³YN DO BANIEK 0,5                              011494;1;4456;4457;;4456
04457;SKAKANKA Z LICZNIKIEM                           830635;82;4457;4458;;4457
04458;KOMBAJN                                         378566;4;4458;4459;;4458
04460;ZESTAW POLICYJNY                                293005;15;4460;4461;;4460
04461;SZACHY                                          417067;22;4461;4462;;4461
04462;UK³ADANKA METALOWA                              463286;83;4462;4463;;4462
04463;KARABIN                                         28821;54;4463;4464;;4463
04464;SPRê¿YNA                                        658040;1;4464;4465;;4464
04465;PCHANKA KÓ£KO                                   661934;21;4465;4466;;4465
04466;PISTOLET NA KULKI;12;4466;4467;;4466
04467;PISTOLET SPRê¿YNOWY;48;4467;4468;;4467
04468;PISTOLET SPRê¿YNOWY;36;4468;4469;;4468
04469;PISTOLET SPRê¿YNOWY;12;4469;4470;;4469
04470;PISTOLET SPRê¿YNOWY;24;4470;4471;;4470
04471;PISTOLET SPRê¿YNOWY;12;4471;4472;;4471
04472;PISTOLET SPRê¿YNOWY;24;4472;4473;;4472
04473;PISTOLET SPRê¿YNOWY;24;4473;4474;;4473
04474;PISTOLET SPRê¿YNOWY;24;4474;4475;;4474
04475;PISTOLET SPRê¿YNOWY;24;4475;4476;;4475
04476;ZESTAW NACZYñ                                    63459;3;4476;4477;;4476
04477;CZO³G                                          4231422;5;4477;4478;;4477
04478;TRAKTOR                                         483939;32;4478;4479;;4478
04479;TRAKTOR z przyczep¹ + zwierzêta /4839661/;13;4479;4480;;4479
04480;AUTO;10;4480;4481;;4480
04481;ZESTAW MUZYCZNY                                211496;25;4481;4482;;4481
04482;ZESTAW MUZYCZNY                                417215;4;4482;4483;;4482
04483;AUTO                                           700141;13;4483;4484;;4483
04484;TRAKTOR                                        4112802;65;4484;4485;;4484
04485;TRAKTOR                                        4112892;73;4485;4486;;4485
04487;TRAKTOR                                       764156;21;4487;4488;;4487
04488;ZESTAW POLICYJNY                           691316;45;4488;4489;;4488
04489;TRAKTOR z ³y¿k¹ /724375/                            ;35;4489;4490;;4489
04490;QUAD                                            784412;9;4490;4491;;4490
04491;AUTO                                          7485516;67;4491;4492;;4491
04492;CYMBA³KI                                       180017;11;4492;4493;;4492
04493;WRÓ¯KA                                          979663;20;4493;4494;;4493
04494;TRAKTOR                                         269661;45;4494;4495;;4494
04495;AUTO                                           535185;40;4495;4496;;4495
04496;TRAKTOR                                        701454;17;4496;4497;;4496
04497;AUTO                                            562752;37;4497;4498;;4497
04498;AUTO                                            731466;18;4498;4499;;4498
04499;AUTO                                           3223665;5;4499;4500;;4499
04501;AUTO                                            329034;48;4501;4502;;4501
04502;AUTO                                            712809;13;4502;4503;;4502
04504;ZESTAW RAKIETEK                               984595;1;4504;4505;;4504
04505;ZABAWKA MUZYCZNA                               254565;8;4505;4506;;4505
04506;AUTO                                            698040;12;4506;4507;;4506
04508;STRA¿ PO¿ARNA                                  8797473;8;4508;4509;;4508
04509;RAKIETKI                                        348332;28;4509;4510;;4509
04510;GRA RYBKI                                      803864;56;4510;4511;;4510
04511;LALKA                                           064143;28;4511;4512;;4511
04512;ZESTAW LEKARZ                                  546718;18;4512;4513;;4512
04513;TRAKTOR z p³ugiem /842112/             ;23;4513;4514;;4513
04514;PISTOLET + 10 strza³ek /6323748/;348;4514;4515;;4514
04515;AUTO                                            715495;30;4515;4516;;4515
04516;BANKI                                          8688432;2;4516;4517;;4516
04518;TRAKTOR                                         764075;1;4518;4519;;4518
04519;TRAKTOR                                         764192;15;4519;4520;;4519
04520;TRAKTOR  belownica  643630;15;4520;4521;;4520
04521;AUTO                                           895757;24;4521;4522;;4521
04522;BAñKI KACZKA                                     68690;21;4522;4525;;4522
04525;maszyma budowlana 51551;6;4525;4526;;4525
04526;Traktor;25;4526;4527;;4526
04527;Maszyna budowlana;8;4527;4528;;4527
04529;Rurka do nurkowania;60;4529;4530;;4529
04530;Okulary do p³ywania;20;4530;4532;;4530
04532;Auto policja z napêdem œwiat³o + dŸwiêk;12;4532;4533;;4532
04533;Auto pogotowie z napêdem;11;4533;4534;;4533
04534;ZESTAW BUTÓW DLA LALEK 809022;39;4534;4535;;4534
04535;Zestaw kuchenny;29;4535;4536;;4535
04537;Liczyd³o;35;4537;4538;;4537
04538;Liczyd³o mini;24;4538;4539;;4538
04539;Okulary 12szt. na blistrze;12;4539;4540;;4539
04540;Pi³ka pla¿owa gumowa;69;4540;4541;;4540
04541;Okulary do p³ywania;32;4541;4542;;4541
04542;Brelok z latark¹;180;4542;4543;;4542
04543;Kula magiczna;123;4543;4544;;4543
04544;Skakanka ;31;4544;4545;;4544
04545;Zestaw do tenisa;9;4545;4546;;4545
04546;Klocki dom;1;4546;4547;;4546
04547;Miecze z bañkami;14,5834;4547;4548;;4547
04548;Miecz z bañkami;22,1253;4548;4549;;4548
04549;Okulary olbrzyma 69833;33;4549;4550;;4549
04550;Karabin;60;4550;4551;;4550
04551;Broñ karabin;48;4551;4552;;4551
04552;Karabin na kulki;20;4552;5000;;4552
05000;Pi³eczki do tenisa;116;5000;5001;;5000
05001;Auto laweta;75;5001;5002;;5001
05002;Malowid³a dla lalek;6;5002;5003;;5002
05003;Malowid³a dla lalek 875543;55;5003;5004;;5003
05004;Auto straz na baterie;27;5004;5005;;5004
05005;Gitara;29;5005;5006;;5005
5006;Zestaw ³uk z karabinem;13;5006;5007;;5006
5007;Zestaw plac zabaw;43;5007;5008;;5007
5009;Tr¹bka do roweru;32;5009;5010;;5009
5010;Pi³ka miêkka;180;5010;5011;;5010
5011;Kalkulator;89;5011;5012;;5011
5012;Pistolet na baterie j. polski;46;5012;5013;;5012
5013;Biedronka na baterie;2;5013;5014;;5013
5014;Pszczó³ka przewrotka;1;5014;5015;;5014
5015;Lalka syrenka œwiat³o;9;5015;5016;;5015
5016;Uk³adanka klocki;63;5016;5017;;5016
5017;Uk³adanka klocki;67;5017;5018;;5017
5018;Auto straz na baterie;34;5018;5019;;5018
5019;Gitara w etui;19;5019;5020;;5019
5020;Gitara w etui;33;5020;5021;;5020
5022;Gluty oko;1;5022;5023;;5022
5024;Kusza drewnina;17;5024;5025;;5024
5025;Samolot na baterie;32;5025;5026;;5025
5026;Pistolet na baterie j.polski 877332;92;5026;5027;;5026
5028;Komplet kwiatek 5 elementów z m³ynkiem;3;5028;5029;;5028
5029;M³ynek do piasku;21;5029;5030;;5029
5030;Komplet kwiatek 4 elementy;24;5030;5031;;5030
5031;Komplet zamek 5 elementów z m³ynkiem;18;5031;5032;;5031
5032;Komplet zamek 4 elementy;41;5032;5033;;5032
5033;Komplet kogucik 3 elementy;41;5033;5034;;5033
5034;Komplet koniczynka 4 elementy;30;5034;5035;;5034
5035;Taczka;1;5035;5036;;5035
5037;Jezdzik koparka;1;5037;5038;;5037
5038;Koparka ma³a;1;5038;5039;;5038
5039;Koparka Duza;1;5039;5040;;5039
5040;Motorek;1;5040;5041;;5040
5041;Motorek N;1;5041;5042;;5041
5043;Quad;1;5043;5044;;5043
5044;Traktor max;1;5044;5045;;5044
5045;Traktor Farmer;1;5045;5046;;5045
5046;Auto;55;5046;5047;;5046
5047;Auto;22;5047;5048;;5047
5048;Auto;36;5048;5049;;5048
5050;Auto;37;5050;5051;;5050
5051;Auto;20;5051;5052;;5051
5052;Strzelba;20;5052;5053;;5052
5053;Traktor z p³ugiem;17;5053;5054;;5053
5054;Traktor;18;5054;5055;;5054
5055;Traktor;2;5055;5056;;5055
5056;Auto;29;5056;5057;;5056
5057;Dzwig 247797;15;5057;5058;;5057
5059;Traktor 060305;18;5059;5060;;5059
5060;Traktor 060398;21;5060;5061;;5060
5061;Traktor z przyczep¹ /771587/;24;5061;5062;;5061
5062;Traktor 222813;10;5062;5063;;5062
5063;Traktor  z wozem paszowym 222639;13;5063;5064;;5063
5065;Helikopter 025531;24;5065;5066;;5065
5067;Traktor 261418;5;5067;5068;;5067
5068;Traktor 098596;37;5068;5069;;5068
5069;Zestaw lekarz 989049;1;5069;5070;;5069
5070;Traktor z kosiark¹ polow¹ /012756/;8;5070;5071;;5070
5071;Auto 197749;32;5071;5072;;5071
5072;Auto 198012;13;5072;5073;;5072
5073;Robot 572644;7;5073;5074;;5073
5074;Traktor z siewnikiem nawozu /604614/;44;5074;5075;;5074
5075;Traktor 797472;13;5075;5076;;5075
5076;Zestaw Strazak 885255;21;5076;5077;;5076
5078;Traktor 643814;2;5078;5079;;5078
5079;Traktor 412250;12;5079;5080;;5079
5080;Traktor z belownic¹ /412076/;13;5080;5081;;5080
5081;Traktor 411086;16;5081;5082;;5081
5082;Wiewiórka z karuzelk¹ ;2;5082;5083;;5082
5083;Pi³eczka;28;5083;5084;;5083
5084;Kaczor k³api¹cy MAX;16;5084;5085;;5084
5087;Motyl;4;5087;5088;;5087
5088;W-16 Piramida duze kulki;12;5088;5089;;5088
5089;W-14 Piramida kó³ka;24;5089;5090;;5089
5090;W-13 Piramida ma³e kulki;10;5090;5091;;5090
5091;W-15 Piramida puzzle;2;5091;5092;;5091
5095;W-20 Puzzle edukacyjne;8;5095;5096;;5095
5096;W-21 Bajkowe zwierzêta;7;5096;5097;;5096
5097;Dinozaur z jajkami;30;5097;5099;;5097
5099;Nakrêcanki-zolw  220027;17;5099;5100;;5099
5100;Nakrecanki- krokoldyl 220034;8;5100;5101;;5100
5101;Nakrecanki-hipopotam   220065;21;5101;5102;;5101
5102;Bilard   212961;68;5102;5103;;5102
5104;Pistolet   301595;93;5104;5105;;5104
5105;Badminton   301113;16;5105;5106;;5105
5106;Tablica magnetyczna   304886;9;5106;5107;;5106
5107;Robot nowe legendy policji   960681;38;5107;5108;;5107
5108;Robot legendy polica  960636;20;5108;5109;;5108
5109;Gra wodna   301311;120;5109;5110;;5109
5110;PSP Tetris 302226;79;5110;5111;;5110
5111;Gra wodna  301502;17;5111;5112;;5111
5112;Gra wodna   301496;72;5112;5113;;5112
5113;Gra wodna rybki  301328;199;5113;5114;;5113
5114;Zestaw lekarz  - walizka   302912;13;5114;5115;;5114
5115;Walkie talkie   304688;23;5115;5116;;5115
5116;Znikopis   305012;47;5116;5117;;5116
5117;Kula sfera   301267;23;5117;5118;;5117
5118;Samolot    215184;22;5118;5119;;5118
5120;Wiatrak 23cm wielokolorowy;30;5120;5121;;5120
5121;Wiatrak 20cm wielokolorowy;191;5121;5122;;5121
5122;Spiner;91;5122;5123;;5122
5125;Wiatrak;1;5125;5129;;5125
5126;Wiatrak;30;5126;5130;;5126
5127;Spiner;126;5127;5131;;5127
5128;Lotki 3 szt;84;5128;5132;;5128
5129;Kreda 112869;52;5129;5133;;5129
5130;Wiertarka na baterie 091744;48;5130;5134;;5130
5131;2 koniki + zagroda 125104;18;5131;5135;;5131
5132;Skakanka sznurkowa 101474;94;5132;5136;;5132
5133;Zwierzêta farm 082797;40;5133;5137;;5133
5134;Ptak na baterie ;41;5134;5138;;5134
5135;Robot na blistrze;25;5135;5139;;5135
5136;Auto lampart na baterie;27;5136;5140;;5136
5137;Zabawka dla malucha;51;5137;5141;;5137
5138;Zestaw kuchenny na blistrze;35;5138;5142;;5138
5139;Œwiderek;3;5139;5143;;5139
5141;Robot na blistrze 870777;27;5141;5148;;5141
5142;Zestaw karabin z ³ukiem 872856;43;5142;5150;;5142
5143;Pistolet na kulki wodne /TG379821/;11;5143;5152;;5143
5147;Kulki wodne 879459;49;5147;5153;;5147
5148;Zestaw ksiê¿niczka 801439;9;5148;5154;;5148
5150;Malowid³a dla lalek 805512;7;5150;5155;;5150
5152;Mirofon na baterie 808957;15;5152;5156;;5152
5153;Malowid³a dla lalek 809077;36;5153;5157;;5153
5154;Malowid³a dla lalek 809060;16;5154;5158;;5154
5155;¯el z wiatrem 24 szt. display;186;5155;5159;;5155
5156;Tr¹bka do roweru;30;5156;5160;;5156
5157;Tarcza rzutki magnetyczne 301397;34;5157;5161;;5157
5158;Nakrêcanki 303575;48;5158;5162;;5158
5159;Bañki - pa³ka 22 cm + bêbenek z kulkami x12;10;5159;5163;;5159
5160;P³yn do baniek 1l;9;5160;5164;;5160
5161;Nakrêcanka myszka 302905;36;5161;5165;;5161
5162;Gra magnetyczna z³ap motyla 301014;7;5162;5166;;5162
5163;Litery i cyfry magnetyczne 304060;65;5163;5167;;5163
5164;Superbohaterowie/display 300100;2;5164;5168;;5164
5167;Koparka na ko³ach 992939;32;5167;5171;;5167
5168;Zestaw piêknoœci 993400;28;5168;5172;;5168
5169;Strzelba 993905;31;5169;5173;;5169
5170;Karabin 993585;94;5170;5174;;5170
5171;TRAKTOR  z kosiark¹ roatacyjn¹ 993691;23;5171;5175;;5171
5172;Samochód ratunkowy 993639;88;5172;5176;;5172
5174;Czo³g z napêdem 981121;144;5174;5178;;5174
5175;Art. rozrywkowe smo³a (display 24 szt.);6;5175;5179;;5175
5176;Zabawka samolot 001005;39;5176;5180;;5176
5177;Tablica znikopis 003984;48;5177;5181;;5177
5178;Zabawka puzzle  012269;20;5178;5182;;5178
5180;Lotki do kometki 035398;81;5180;5184;;5180
5181;Traktor z napêdem  034759;19;5181;5185;;5181
5182;Traktor z napêdem  034865;17;5182;5186;;5182
5183;Zestaw gier plenerowych 303315;31;5183;5187;;5183
5184;Pi³ka no¿na satynowa metalizowana;22;5184;5188;;5184
5185;Auto truck 304879;36;5185;5189;;5185
5186;Bañki uœmiech ;83;5186;5190;;5186
5187;¯aba na baterie 63992;101;5187;5192;;5187
5188;Pistolet dŸwiêkowy 69963;52;5188;5193;;5188
5189;Kosiarka z bañkami 60915;7;5189;5194;;5189
5194;Samochodzik metal, x24 003226;86;5194;5200;;5194
5195;Metalowe samochodziki box x24 392091;78;5195;5201;;5195
5197;Samochód pod kloszem, œw, dzw 392121;6;5197;5203;;5197
5198;Auto holownik 30 cm, œwiat³o, dzwiêk 392114;6;5198;5204;;5198
5200;Koñ flokowany TG364168/877288/;18;5200;5205;;5200
5201;Zestaw kuchenny blister TG369820/802184/;48;5201;5207;;5201
5203;Gluty insekty 24 szt. /806915;278;5203;5208;;5203
5204;Auto /633036/;48;5204;5209;;5204
5205;Auto /549353/;36;5205;5210;;5205
5207;Traktor /0057069/;24;5207;5211;;5207
5208;Traktor /455835/;8;5208;5212;;5208
5210;Kombajn /745202/;6;5210;5214;;5210
5211;Kombajn /936181/;17;5211;5215;;5211
5212;Traktor /0085673/;16;5212;5216;;5212
5213;Traktor /085499/;24;5213;5217;;5213
5214;Traktor /085313/;22;5214;5218;;5214
5215;Traktor /489198/;11;5215;5219;;5215
5216;Traktor /965530/;8;5216;5220;;5216
5219;Pistolet ¿elowy /68133/;3;5219;5230;;5219
5220;Gra rybki /69758/;68;5220;14476;;5220
5223;Lalka ze skrzyde³kami /TG17527/;42;5223;14484;;5223
5224;Pistolet na kulki wodne /TG400100/;59;5224;211496;;5224
5230;Auto laweta - truck quady   302998;36;5230;77777;;5230
10020;Granat;181;10020;88888;;10020
1142;AUTO RADIO F/F.ŒW.,£ADOWARKA  /ZMZR2016A        208735;6;1142;99999;;1142
11689;myszki;21;11689;;;11689
1264;ZESTAW RYCERSKI Z HE£MEM /62339/  BC            962339;11;1264;;;1264
14137;ZESTAW PIÊKNOŒCI+SUSZARKA B/O. /G030983/        905004;2;14137;;;14137
14195;BATERIA R3 /60 op./;1558;14195;;;14195
14218;AUTKO PRZEWROTKA                                  1525;91;14218;;;14218
14219;Auto przewrotka stunt 999G-19A;32;14219;;;14219
14220;BAñKA PA³KA;24;14220;;;14220
14221;buda doktor kot 216;20;14221;;;14221
14222;PODKOSZARKA;41;14222;;;14222
14223;BUDA DU¿A + DOKTOR 128;1;14223;;;14223
14225;buda duza + pies 121;41;14225;;;14225
14226;BUDA DUZA + DOKTOR 183;9;14226;;;14226
14232;Narzêdzia podkoszarka;42;14232;;;14232
14233;PCHANKA PLASTIKOWA;28;14233;;;14233
14242;PISTOLET NA KULKI ¯ELOWE /M01/;34;14242;;;14242
14247;pistolet zelowy M09;102;14247;;;14247
14291;PCHANKA KOGUT;41;14291;;;14291
14453;BAñKI ROZK³ADANE;1;14453;;;14453
14454;BAñKI STRA¿ + POLICJA;54;14454;;;14454
14455;BUDA DU¿A DOKTOR 215;65;14455;;;14455
14457;DINOZAUR Z ROGAMI;11;14457;;;14457
14458;HELIKOPTER NA BATERIE;20;14458;;;14458
14459;KULA ROZK³ADANA DU¿A;6;14459;;;14459
14460;KULKI 6 MM 1000 SZT;70;14460;;;14460
14461;KULLKI 800 SZT GRANAT;25;14461;;;14461
14462;LALKA;3;14462;;;14462
14463;LALKA œWIEC¹CA;2;14463;;;14463
14464;MYSZKI W PUDE³KU;4;14464;;;14464
14465;NARZêDZIA WIERTARKA;54;14465;;;14465
14469;PISTOLET SPRê¿YNOWY MP40;102;14469;;;14469
14470;PISTOLET SPRê¿YNOWY 200102;303;14470;;;14470
14472;PISTOLET SPRê¿YNOWY 460964;28;14472;;;14472
14473;PISTOLET SPRê¿YNOWY 460988;34;14473;;;14473
14474;PISTOLET SPRê¿YNOWY;17;14474;;;14474
14475;PISTOLET SPRê¿YNOWY;46;14475;;;14475
14476;PTAK NA BATERIE;53;14476;;;14476
14477;PTAK NA BATERIE;42;14477;;;14477
14478;PTAK PODWÓJNY;63;14478;;;14478
14479;PTAK PAPUGA POWTARZAJ¹CY;22;14479;;;14479
14481;TABLET EDUKACYJNY;1;14481;;;14481
14482;TOREBKA MA£A KOTEK;171;14482;;;14482
14484;X PTAK NA BATERIE;11;14484;;;14484
14485;TELEFON BLISTER Z LALK¹;17;14485;;;14485
14523;Kulki 6mm;9;14523;;;14523
14528;pistolet;1;14528;;;14528
14529;pistolet sygna³owy;1;14529;;;14529
14530;pistolet sygna³owy;138;14530;;;14530
14533;gniotek siatka;6;14533;;;14533
14534;pistolet;35;14534;;;14534
14535;Pistolet  456521;52;14535;;;14535
14537;Pistolet;41;14537;;;14537
14539;Pistolet 445167;84;14539;;;14539
14541;glut;60;14541;;;14541
14542;glut;47;14542;;;14542
14543;glut;48;14543;;;14543
14544;gniotek siatka;276;14544;;;14544
14545;KOMBAJN DUZY 8089;7;14545;;;14545
14546;KOMBAJN DUZY 8289;11;14546;;;14546
14547;Pistolet na kulki 1239-1;1;14547;;;14547
14548;Pistolet na kulki 0581A1;11;14548;;;14548
14549;Plusz pies Husky D;48;14549;;;14549
14550;Plusz pies Husky M;19;14550;;;14550
14551;Ptak HL511A;10;14551;;;14551
14552;Pistolet na kulki NR-4 Snajp;16;14552;;;14552
14553;¯elowy pistolet plansza AK47-2;17;14553;;;14553
15123;Bateria R6;18,8;15123;;;15123
15124;P³ywaczki;507;15124;;;15124
15128;Spiner;9;15128;;;15128
15129;Spiner;2;15129;;;15129
15176;Bañki x24;844;15176;;;15176
15177;Sp³onka x 72;130;15177;;;15177
15221;Winchester;36;15221;;;15221
15222;Pi³eczka trocinka;500;15222;;;15222
15225;Dinozaur du¿y Tyrannosaurus;23;15225;;;15225
15226;Dinozaur na baterie Protocerat;47;15226;;;15226
15227;Fretka ;153;15227;;;15227
15228;Koparka du¿a na napêd /0045569/;11;15228;;;15228
15229;Spychach /0045568/;11;15229;;;15229
20020;Piesek ;147;20020;;;20020
20021;Piesek;74;20021;;;20021
20022;Grzechotka / 10szt / ;543;20022;;;20022
20023;Grzechotka;339;20023;;;20023
20024;Reflex;6;20024;;;20024
20216;Tr¹bka du¿a;125;20216;;;20216
20469;Pi³ka z w³osem;120;20469;;;20469
211496;ZESTAW MUZYCZNY;48;211496;;;211496
25130;Rzepy czepy;10;25130;;;25130
30319;UBRANKO DLA LALEK /KAR/                         150016;20;30319;;;30319
33044;WÓZEK MARKETOWY /SYP/                           300163;16;33044;;;33044
33086;PODKASZARKA NA BATERIE /MPC85069/,2850696 50697,506969;62;33086;;;33086
34194;WACHLARZ;343;34194;;;34194
34212;Wywrotka;1;34212;;;34212
34213;STRA¿ PO¿ARNA                                   300064;26;34213;;;34213
34216;KLOCKI ZESTAW DU¿Y                              300248;4;34216;;;34216
34217;KLOCKI ZESTAW œREDNI                            300255;4;34217;;;34217
34218;AUTO NA BATERIE;82;34218;;;34218
34223;KLATKA NA ZWIERZêTA PLASTIKOWA;2;34223;;;34223
34224;KLATKA PLASTIKOWA NA ZWIERZêTA;4;34224;;;34224
34225;KLATKA PLASTIKOWA.....;1;34225;;;34225
34227;KAROCA PLASTIKOWA;1;34227;;;34227
34228;KASA FISKALNA;6;34228;;;34228
34229;KASA NA BATERIE;16;34229;;;34229
34230;KONIK Z PLUSZU;1;34230;;;34230
34231;ZABAWKA Z PLUSZU;25;34231;;;34231
34236;SPRê¿YNA PLASTIKOWA;65;34236;;;34236
34239;TELEFON NA BATERIE;7;34239;;;34239
34240;KULKI DO PISTOLETÓW;104;34240;;;34240
34241;KULKI DO PISTOLETÓW;3;34241;;;34241
34244;¿ELOWY PISTOLET M01 + ZESTAW;21;34244;;;34244
34248;PISTOLETY;1;34248;;;34248
34418;WIERTARKA NA BATERIE                            805871;2;34418;;;34418
556877;AUTO;130;556877;;;556877
86;ASPIRATOR DO NOSKA  /PB1302/                    085084;42;86;;;86
